Contract,InternetService,customers,churned,churn_rate_pct,total_revenue
Month-to-month,Fiber optic,2128,1162,54.6,185181.1
Month-to-month,DSL,1223,394,32.2,61418.45
One year,Fiber optic,539,104,19.3,53242.15
Month-to-month,No,524,99,18.9,10694.6
One year,DSL,570,53,9.3,34996.15
Two year,Fiber optic,429,31,7.2,44861.15
One year,No,364,9,2.5,7578.3
Two year,DSL,628,12,1.9,44250.75
Two year,No,638,5,0.8,13893.95
